<?xml version="1.0" encoding="ASCII"?>
<device:XMLDevice xmi:version="2.0" xmlns:xmi="http://www.omg.org/XMI" xmlns:device="http://www.silabs.com/ss/hwconfig/document/device.ecore" name="pin_tool.EFR32BG22C224F512GM40" partId="mcu.arm.efr32.bg22.efr32bg22c224f512gm40" contextId="com.silabs.sdk.stack.super:4.2.2._-1890241154">
  <mode name="DefaultMode">
    <property object="DefaultMode" propertyId="mode.diagramLocation" value="100, 100"/>
    <property object="PA05" propertyId="pin.name" value=""/>
    <property object="PA08" propertyId="pin.name" value=""/>
    <property object="PC05" propertyId="ABModule.selectedRequirement" value="gpio%T%SL_EMLIB_GPIO_INIT_EN_REG_ENABLE%T%sl_emlib_gpio_init_EN_REG_ENABLE_config.h"/>
    <property object="PC05" propertyId="pin.name" value="REG_ENABLE"/>
    <property object="PC05" propertyId="pin.reserve" value="Reserved"/>
    <property object="PORTIO" propertyId="portio.usart0.enable.rx" value="Enabled"/>
    <property object="PORTIO" propertyId="portio.usart0.enable.tx" value="Enabled"/>
    <property object="PORTIO" propertyId="portio.usart0.location.rx" value="6"/>
    <property object="PORTIO" propertyId="portio.usart0.location.tx" value="7"/>
    <property object="USART0" propertyId="ABModule.selectedRequirement" value="usart%T%SL_IOSTREAM_USART_INST%T%sl_iostream_usart_inst_config.h"/>
    <property object="USART0" propertyId="ABPeripheral.included" value="true"/>
    <property object="USART1" propertyId="ABPeripheral.included" value="true"/>
  </mode>
  <modeTransition>
    <property object="RESET &#x2192; DefaultMode" propertyId="modeTransition.source" value="RESET"/>
    <property object="RESET &#x2192; DefaultMode" propertyId="modeTransition.target" value="DefaultMode"/>
  </modeTransition>
</device:XMLDevice>
