<?xml version="1.0" encoding="UTF-8"?>
<project name="uc.module.setup.ucConfig.com.silabs.ss.tool.ide.arm.toolchain.gnu.cdt.debug#com.silabs.ss.tool.ide.arm.toolchain.gnu.cdt:10.3.1.20210824.gcc" propertyScope="project">
  <folder name="config">
    <file name="sl_memory_config.h" generated="true" linked="false"/>
    <file name="sl_device_init_dcdc_config.h" generated="true" linked="false"/>
    <file name="dmadrv_config.h" generated="true" linked="false"/>
    <file name="sl_board_control_config.h" generated="true" linked="false"/>
    <file name="sl_emlib_gpio_init_EN_REG_ENABLE_config.h" generated="true" linked="false"/>
    <file name="sl_iostream_usart_inst_config.h" generated="true" linked="false"/>
    <file name="sl_device_init_emu_config.h" generated="true" linked="false"/>
    <file name="sl_icm20648_config.h" generated="true" linked="false"/>
    <file name="app_assert_config.h" generated="true" linked="false"/>
    <file name="emlib_core_debug_config.h" generated="true" linked="false"/>
    <file name="sl_sleeptimer_config.h" generated="true" linked="false"/>
  </folder>
  <includePath uri="studio:/project/config"/>
</project>
