<?xml version="1.0" encoding="UTF-8"?>
<project name="uc.module.setup.componentSetup.com.silabs.ss.tool.ide.arm.toolchain.gnu.cdt.debug#com.silabs.ss.tool.ide.arm.toolchain.gnu.cdt:10.3.1.20210824.gcc" propertyScope="project">
  <folder name="gecko_sdk_4.2.2">
    <folder name="platform">
      <folder name="Device">
        <folder name="SiliconLabs">
          <folder name="EFR32BG22">
            <folder name="Source">
              <file name="system_efr32bg22.c" uri="studio:/sdk/platform/Device/SiliconLabs/EFR32BG22/Source/system_efr32bg22.c"/>
              <file name="startup_efr32bg22.c" uri="studio:/sdk/platform/Device/SiliconLabs/EFR32BG22/Source/startup_efr32bg22.c"/>
            </folder>
            <folder name="Include">
              <file name="efr32bg22c224f512gm40.h" uri="studio:/sdk/platform/Device/SiliconLabs/EFR32BG22/Include/efr32bg22c224f512gm40.h"/>
              <file name="efr32bg22_aes.h" uri="studio:/sdk/platform/Device/SiliconLabs/EFR32BG22/Include/efr32bg22_aes.h"/>
              <file name="efr32bg22_buram.h" uri="studio:/sdk/platform/Device/SiliconLabs/EFR32BG22/Include/efr32bg22_buram.h"/>
              <file name="efr32bg22_burtc.h" uri="studio:/sdk/platform/Device/SiliconLabs/EFR32BG22/Include/efr32bg22_burtc.h"/>
              <file name="efr32bg22_cmu.h" uri="studio:/sdk/platform/Device/SiliconLabs/EFR32BG22/Include/efr32bg22_cmu.h"/>
              <file name="efr32bg22_cryptoacc.h" uri="studio:/sdk/platform/Device/SiliconLabs/EFR32BG22/Include/efr32bg22_cryptoacc.h"/>
              <file name="efr32bg22_dcdc.h" uri="studio:/sdk/platform/Device/SiliconLabs/EFR32BG22/Include/efr32bg22_dcdc.h"/>
              <file name="efr32bg22_devinfo.h" uri="studio:/sdk/platform/Device/SiliconLabs/EFR32BG22/Include/efr32bg22_devinfo.h"/>
              <file name="efr32bg22_dma_descriptor.h" uri="studio:/sdk/platform/Device/SiliconLabs/EFR32BG22/Include/efr32bg22_dma_descriptor.h"/>
              <file name="efr32bg22_dpll.h" uri="studio:/sdk/platform/Device/SiliconLabs/EFR32BG22/Include/efr32bg22_dpll.h"/>
              <file name="efr32bg22_emu.h" uri="studio:/sdk/platform/Device/SiliconLabs/EFR32BG22/Include/efr32bg22_emu.h"/>
              <file name="efr32bg22_eusart.h" uri="studio:/sdk/platform/Device/SiliconLabs/EFR32BG22/Include/efr32bg22_eusart.h"/>
              <file name="efr32bg22_fsrco.h" uri="studio:/sdk/platform/Device/SiliconLabs/EFR32BG22/Include/efr32bg22_fsrco.h"/>
              <file name="efr32bg22_gpcrc.h" uri="studio:/sdk/platform/Device/SiliconLabs/EFR32BG22/Include/efr32bg22_gpcrc.h"/>
              <file name="efr32bg22_gpio.h" uri="studio:/sdk/platform/Device/SiliconLabs/EFR32BG22/Include/efr32bg22_gpio.h"/>
              <file name="efr32bg22_gpio_port.h" uri="studio:/sdk/platform/Device/SiliconLabs/EFR32BG22/Include/efr32bg22_gpio_port.h"/>
              <file name="efr32bg22_hfrco.h" uri="studio:/sdk/platform/Device/SiliconLabs/EFR32BG22/Include/efr32bg22_hfrco.h"/>
              <file name="efr32bg22_hfxo.h" uri="studio:/sdk/platform/Device/SiliconLabs/EFR32BG22/Include/efr32bg22_hfxo.h"/>
              <file name="efr32bg22_i2c.h" uri="studio:/sdk/platform/Device/SiliconLabs/EFR32BG22/Include/efr32bg22_i2c.h"/>
              <file name="efr32bg22_iadc.h" uri="studio:/sdk/platform/Device/SiliconLabs/EFR32BG22/Include/efr32bg22_iadc.h"/>
              <file name="efr32bg22_icache.h" uri="studio:/sdk/platform/Device/SiliconLabs/EFR32BG22/Include/efr32bg22_icache.h"/>
              <file name="efr32bg22_ldma.h" uri="studio:/sdk/platform/Device/SiliconLabs/EFR32BG22/Include/efr32bg22_ldma.h"/>
              <file name="efr32bg22_ldmaxbar.h" uri="studio:/sdk/platform/Device/SiliconLabs/EFR32BG22/Include/efr32bg22_ldmaxbar.h"/>
              <file name="efr32bg22_ldmaxbar_defines.h" uri="studio:/sdk/platform/Device/SiliconLabs/EFR32BG22/Include/efr32bg22_ldmaxbar_defines.h"/>
              <file name="efr32bg22_letimer.h" uri="studio:/sdk/platform/Device/SiliconLabs/EFR32BG22/Include/efr32bg22_letimer.h"/>
              <file name="efr32bg22_lfrco.h" uri="studio:/sdk/platform/Device/SiliconLabs/EFR32BG22/Include/efr32bg22_lfrco.h"/>
              <file name="efr32bg22_lfxo.h" uri="studio:/sdk/platform/Device/SiliconLabs/EFR32BG22/Include/efr32bg22_lfxo.h"/>
              <file name="efr32bg22_msc.h" uri="studio:/sdk/platform/Device/SiliconLabs/EFR32BG22/Include/efr32bg22_msc.h"/>
              <file name="efr32bg22_pdm.h" uri="studio:/sdk/platform/Device/SiliconLabs/EFR32BG22/Include/efr32bg22_pdm.h"/>
              <file name="efr32bg22_prs.h" uri="studio:/sdk/platform/Device/SiliconLabs/EFR32BG22/Include/efr32bg22_prs.h"/>
              <file name="efr32bg22_prs_signals.h" uri="studio:/sdk/platform/Device/SiliconLabs/EFR32BG22/Include/efr32bg22_prs_signals.h"/>
              <file name="efr32bg22_rtcc.h" uri="studio:/sdk/platform/Device/SiliconLabs/EFR32BG22/Include/efr32bg22_rtcc.h"/>
              <file name="efr32bg22_smu.h" uri="studio:/sdk/platform/Device/SiliconLabs/EFR32BG22/Include/efr32bg22_smu.h"/>
              <file name="efr32bg22_syscfg.h" uri="studio:/sdk/platform/Device/SiliconLabs/EFR32BG22/Include/efr32bg22_syscfg.h"/>
              <file name="efr32bg22_timer.h" uri="studio:/sdk/platform/Device/SiliconLabs/EFR32BG22/Include/efr32bg22_timer.h"/>
              <file name="efr32bg22_ulfrco.h" uri="studio:/sdk/platform/Device/SiliconLabs/EFR32BG22/Include/efr32bg22_ulfrco.h"/>
              <file name="efr32bg22_usart.h" uri="studio:/sdk/platform/Device/SiliconLabs/EFR32BG22/Include/efr32bg22_usart.h"/>
              <file name="efr32bg22_wdog.h" uri="studio:/sdk/platform/Device/SiliconLabs/EFR32BG22/Include/efr32bg22_wdog.h"/>
              <file name="em_device.h" uri="studio:/sdk/platform/Device/SiliconLabs/EFR32BG22/Include/em_device.h"/>
              <file name="system_efr32bg22.h" uri="studio:/sdk/platform/Device/SiliconLabs/EFR32BG22/Include/system_efr32bg22.h"/>
            </folder>
          </folder>
        </folder>
      </folder>
      <folder name="common">
        <folder name="inc">
          <file name="sl_atomic.h" uri="studio:/sdk/platform/common/inc/sl_atomic.h"/>
          <file name="sl_enum.h" uri="studio:/sdk/platform/common/inc/sl_enum.h"/>
          <file name="sl_assert.h" uri="studio:/sdk/platform/common/inc/sl_assert.h"/>
          <file name="sl_common.h" uri="studio:/sdk/platform/common/inc/sl_common.h"/>
          <file name="sl_string.h" uri="studio:/sdk/platform/common/inc/sl_string.h"/>
          <file name="sl_status.h" uri="studio:/sdk/platform/common/inc/sl_status.h"/>
        </folder>
        <folder name="src">
          <file name="sl_assert.c" uri="studio:/sdk/platform/common/src/sl_assert.c"/>
          <file name="sl_string.c" uri="studio:/sdk/platform/common/src/sl_string.c"/>
        </folder>
        <folder name="toolchain">
          <folder name="src">
            <file name="sl_memory.c" uri="studio:/sdk/platform/common/toolchain/src/sl_memory.c"/>
          </folder>
          <folder name="inc">
            <file name="sl_memory_region.h" uri="studio:/sdk/platform/common/toolchain/inc/sl_memory_region.h"/>
            <file name="sl_memory.h" uri="studio:/sdk/platform/common/toolchain/inc/sl_memory.h"/>
            <file name="sl_gcc_preinclude.h" uri="studio:/sdk/platform/common/toolchain/inc/sl_gcc_preinclude.h"/>
          </folder>
        </folder>
      </folder>
      <folder name="CMSIS">
        <folder name="Core">
          <folder name="Include">
            <file name="cmsis_compiler.h" uri="studio:/sdk/platform/CMSIS/Core/Include/cmsis_compiler.h"/>
            <file name="cmsis_version.h" uri="studio:/sdk/platform/CMSIS/Core/Include/cmsis_version.h"/>
            <file name="tz_context.h" uri="studio:/sdk/platform/CMSIS/Core/Include/tz_context.h"/>
            <file name="cmsis_gcc.h" uri="studio:/sdk/platform/CMSIS/Core/Include/cmsis_gcc.h"/>
            <file name="core_cm33.h" uri="studio:/sdk/platform/CMSIS/Core/Include/core_cm33.h"/>
            <file name="mpu_armv8.h" uri="studio:/sdk/platform/CMSIS/Core/Include/mpu_armv8.h"/>
          </folder>
        </folder>
      </folder>
      <folder name="service">
        <folder name="device_init">
          <folder name="inc">
            <file name="sl_device_init_clocks.h" uri="studio:/sdk/platform/service/device_init/inc/sl_device_init_clocks.h"/>
            <file name="sl_device_init_dcdc.h" uri="studio:/sdk/platform/service/device_init/inc/sl_device_init_dcdc.h"/>
            <file name="sl_device_init_emu.h" uri="studio:/sdk/platform/service/device_init/inc/sl_device_init_emu.h"/>
            <file name="sl_device_init_nvic.h" uri="studio:/sdk/platform/service/device_init/inc/sl_device_init_nvic.h"/>
          </folder>
          <folder name="src">
            <file name="sl_device_init_dcdc_s2.c" uri="studio:/sdk/platform/service/device_init/src/sl_device_init_dcdc_s2.c"/>
            <file name="sl_device_init_emu_s2.c" uri="studio:/sdk/platform/service/device_init/src/sl_device_init_emu_s2.c"/>
            <file name="sl_device_init_nvic.c" uri="studio:/sdk/platform/service/device_init/src/sl_device_init_nvic.c"/>
          </folder>
        </folder>
        <folder name="iostream">
          <folder name="src">
            <file name="sl_iostream.c" uri="studio:/sdk/platform/service/iostream/src/sl_iostream.c"/>
            <file name="sl_iostream_uart.c" uri="studio:/sdk/platform/service/iostream/src/sl_iostream_uart.c"/>
            <file name="sl_iostream_usart.c" uri="studio:/sdk/platform/service/iostream/src/sl_iostream_usart.c"/>
          </folder>
          <folder name="inc">
            <file name="sl_iostream.h" uri="studio:/sdk/platform/service/iostream/inc/sl_iostream.h"/>
            <file name="sl_iostream_uart.h" uri="studio:/sdk/platform/service/iostream/inc/sl_iostream_uart.h"/>
            <file name="sli_iostream_uart.h" uri="studio:/sdk/platform/service/iostream/inc/sli_iostream_uart.h"/>
            <file name="sl_iostream_usart.h" uri="studio:/sdk/platform/service/iostream/inc/sl_iostream_usart.h"/>
          </folder>
        </folder>
        <folder name="system">
          <folder name="src">
            <file name="sl_system_init.c" uri="studio:/sdk/platform/service/system/src/sl_system_init.c"/>
            <file name="sl_system_process_action.c" uri="studio:/sdk/platform/service/system/src/sl_system_process_action.c"/>
          </folder>
          <folder name="inc">
            <file name="sl_system_init.h" uri="studio:/sdk/platform/service/system/inc/sl_system_init.h"/>
            <file name="sl_system_process_action.h" uri="studio:/sdk/platform/service/system/inc/sl_system_process_action.h"/>
          </folder>
        </folder>
        <folder name="sleeptimer">
          <folder name="src">
            <file name="sl_sleeptimer.c" uri="studio:/sdk/platform/service/sleeptimer/src/sl_sleeptimer.c"/>
            <file name="sl_sleeptimer_hal_rtcc.c" uri="studio:/sdk/platform/service/sleeptimer/src/sl_sleeptimer_hal_rtcc.c"/>
            <file name="sl_sleeptimer_hal_prortc.c" uri="studio:/sdk/platform/service/sleeptimer/src/sl_sleeptimer_hal_prortc.c"/>
            <file name="sl_sleeptimer_hal_burtc.c" uri="studio:/sdk/platform/service/sleeptimer/src/sl_sleeptimer_hal_burtc.c"/>
            <file name="sl_sleeptimer_hal_timer.c" uri="studio:/sdk/platform/service/sleeptimer/src/sl_sleeptimer_hal_timer.c"/>
            <file name="sli_sleeptimer_hal.h" uri="studio:/sdk/platform/service/sleeptimer/src/sli_sleeptimer_hal.h"/>
          </folder>
          <folder name="inc">
            <file name="sl_sleeptimer.h" uri="studio:/sdk/platform/service/sleeptimer/inc/sl_sleeptimer.h"/>
            <file name="sli_sleeptimer.h" uri="studio:/sdk/platform/service/sleeptimer/inc/sli_sleeptimer.h"/>
          </folder>
        </folder>
      </folder>
      <folder name="emdrv">
        <folder name="dmadrv">
          <folder name="src">
            <file name="dmadrv.c" uri="studio:/sdk/platform/emdrv/dmadrv/src/dmadrv.c"/>
          </folder>
          <folder name="inc">
            <file name="dmadrv.h" uri="studio:/sdk/platform/emdrv/dmadrv/inc/dmadrv.h"/>
          </folder>
        </folder>
        <folder name="common">
          <folder name="inc">
            <file name="ecode.h" uri="studio:/sdk/platform/emdrv/common/inc/ecode.h"/>
          </folder>
        </folder>
      </folder>
      <folder name="emlib">
        <folder name="src">
          <file name="em_burtc.c" uri="studio:/sdk/platform/emlib/src/em_burtc.c"/>
          <file name="em_cmu.c" uri="studio:/sdk/platform/emlib/src/em_cmu.c"/>
          <file name="em_core.c" uri="studio:/sdk/platform/emlib/src/em_core.c"/>
          <file name="em_emu.c" uri="studio:/sdk/platform/emlib/src/em_emu.c"/>
          <file name="em_gpio.c" uri="studio:/sdk/platform/emlib/src/em_gpio.c"/>
          <file name="em_ldma.c" uri="studio:/sdk/platform/emlib/src/em_ldma.c"/>
          <file name="em_msc.c" uri="studio:/sdk/platform/emlib/src/em_msc.c"/>
          <file name="em_rtcc.c" uri="studio:/sdk/platform/emlib/src/em_rtcc.c"/>
          <file name="em_system.c" uri="studio:/sdk/platform/emlib/src/em_system.c"/>
          <file name="em_timer.c" uri="studio:/sdk/platform/emlib/src/em_timer.c"/>
          <file name="em_usart.c" uri="studio:/sdk/platform/emlib/src/em_usart.c"/>
        </folder>
        <folder name="inc">
          <file name="em_burtc.h" uri="studio:/sdk/platform/emlib/inc/em_burtc.h"/>
          <file name="em_chip.h" uri="studio:/sdk/platform/emlib/inc/em_chip.h"/>
          <file name="em_cmu.h" uri="studio:/sdk/platform/emlib/inc/em_cmu.h"/>
          <file name="em_cmu_compat.h" uri="studio:/sdk/platform/emlib/inc/em_cmu_compat.h"/>
          <file name="sli_em_cmu.h" uri="studio:/sdk/platform/emlib/inc/sli_em_cmu.h"/>
          <file name="em_assert.h" uri="studio:/sdk/platform/emlib/inc/em_assert.h"/>
          <file name="em_bus.h" uri="studio:/sdk/platform/emlib/inc/em_bus.h"/>
          <file name="em_common.h" uri="studio:/sdk/platform/emlib/inc/em_common.h"/>
          <file name="em_ramfunc.h" uri="studio:/sdk/platform/emlib/inc/em_ramfunc.h"/>
          <file name="em_version.h" uri="studio:/sdk/platform/emlib/inc/em_version.h"/>
          <file name="em_core.h" uri="studio:/sdk/platform/emlib/inc/em_core.h"/>
          <file name="em_emu.h" uri="studio:/sdk/platform/emlib/inc/em_emu.h"/>
          <file name="em_gpio.h" uri="studio:/sdk/platform/emlib/inc/em_gpio.h"/>
          <file name="em_ldma.h" uri="studio:/sdk/platform/emlib/inc/em_ldma.h"/>
          <file name="em_msc.h" uri="studio:/sdk/platform/emlib/inc/em_msc.h"/>
          <file name="em_msc_compat.h" uri="studio:/sdk/platform/emlib/inc/em_msc_compat.h"/>
          <file name="em_rtcc.h" uri="studio:/sdk/platform/emlib/inc/em_rtcc.h"/>
          <file name="em_syscfg.h" uri="studio:/sdk/platform/emlib/inc/em_syscfg.h"/>
          <file name="em_system.h" uri="studio:/sdk/platform/emlib/inc/em_system.h"/>
          <file name="em_timer.h" uri="studio:/sdk/platform/emlib/inc/em_timer.h"/>
          <file name="em_usart.h" uri="studio:/sdk/platform/emlib/inc/em_usart.h"/>
        </folder>
        <folder name="init">
          <folder name="gpio_simple">
            <file name="sl_emlib_gpio_simple_init.h" uri="studio:/sdk/platform/emlib/init/gpio_simple/sl_emlib_gpio_simple_init.h"/>
          </folder>
        </folder>
      </folder>
    </folder>
    <folder name="app">
      <folder name="common">
        <folder name="util">
          <folder name="app_assert">
            <file name="app_assert.h" uri="studio:/sdk/app/common/util/app_assert/app_assert.h"/>
            <file name="sl_app_assert.h" uri="studio:/sdk/app/common/util/app_assert/sl_app_assert.h"/>
          </folder>
        </folder>
      </folder>
      <folder name="bluetooth">
        <folder name="common">
          <folder name="sensor_imu">
            <file name="sl_sensor_imu.c" uri="studio:/sdk/app/bluetooth/common/sensor_imu/sl_sensor_imu.c"/>
            <file name="sl_sensor_imu.h" uri="studio:/sdk/app/bluetooth/common/sensor_imu/sl_sensor_imu.h"/>
          </folder>
        </folder>
      </folder>
    </folder>
    <folder name="hardware">
      <folder name="board">
        <folder name="src">
          <file name="sl_board_init.c" uri="studio:/sdk/hardware/board/src/sl_board_init.c"/>
          <file name="sl_board_control_stub.c" uri="studio:/sdk/hardware/board/src/sl_board_control_stub.c"/>
        </folder>
        <folder name="inc">
          <file name="sl_board_control.h" uri="studio:/sdk/hardware/board/inc/sl_board_control.h"/>
          <file name="sl_board_init.h" uri="studio:/sdk/hardware/board/inc/sl_board_init.h"/>
        </folder>
      </folder>
      <folder name="driver">
        <folder name="icm20648">
          <folder name="src">
            <file name="sl_icm20648.c" uri="studio:/sdk/hardware/driver/icm20648/src/sl_icm20648.c"/>
          </folder>
          <folder name="inc">
            <file name="sl_icm20648.h" uri="studio:/sdk/hardware/driver/icm20648/inc/sl_icm20648.h"/>
          </folder>
        </folder>
        <folder name="imu">
          <folder name="src">
            <file name="sl_imu_dcm.c" uri="studio:/sdk/hardware/driver/imu/src/sl_imu_dcm.c"/>
            <file name="sl_imu_fuse.c" uri="studio:/sdk/hardware/driver/imu/src/sl_imu_fuse.c"/>
            <file name="sl_imu_math.c" uri="studio:/sdk/hardware/driver/imu/src/sl_imu_math.c"/>
            <file name="sl_imu_icm20648.c" uri="studio:/sdk/hardware/driver/imu/src/sl_imu_icm20648.c"/>
          </folder>
          <folder name="inc">
            <file name="sl_imu.h" uri="studio:/sdk/hardware/driver/imu/inc/sl_imu.h"/>
          </folder>
        </folder>
      </folder>
    </folder>
  </folder>
  <file name="app.c" linked="false" uri="studio:/project/app.c"/>
  <file name="main.c" linked="false" uri="studio:/project/main.c"/>
  <file name="app.h" linked="false" uri="studio:/project/app.h"/>
  <includePath uri="studio:/project/"/>
  <includePath uri="studio:/sdk/platform/Device/SiliconLabs/EFR32BG22/Include"/>
  <includePath uri="studio:/sdk/app/common/util/app_assert"/>
  <includePath uri="studio:/sdk/platform/common/inc"/>
  <includePath uri="studio:/sdk/hardware/board/inc"/>
  <includePath uri="studio:/sdk/platform/CMSIS/Core/Include"/>
  <includePath uri="studio:/sdk/platform/service/device_init/inc"/>
  <includePath uri="studio:/sdk/platform/emdrv/dmadrv/inc"/>
  <includePath uri="studio:/sdk/platform/emdrv/common/inc"/>
  <includePath uri="studio:/sdk/platform/emlib/inc"/>
  <includePath uri="studio:/sdk/platform/emlib/init/gpio_simple"/>
  <includePath uri="studio:/sdk/hardware/driver/icm20648/inc"/>
  <includePath uri="studio:/sdk/hardware/driver/imu/inc"/>
  <includePath uri="studio:/sdk/platform/service/iostream/inc"/>
  <includePath uri="studio:/sdk/app/bluetooth/common/sensor_imu"/>
  <includePath uri="studio:/sdk/platform/common/toolchain/inc"/>
  <includePath uri="studio:/sdk/platform/service/system/inc"/>
  <includePath uri="studio:/sdk/platform/service/sleeptimer/inc"/>
  <macroDefinition name="DEBUG_EFM"/>
  <macroDefinition name="EFR32BG22C224F512GM40"/>
  <macroDefinition name="SL_COMPONENT_CATALOG_PRESENT"/>
  <libraryFile name="gcc"/>
  <libraryFile name="c"/>
  <libraryFile name="m"/>
  <libraryFile name="nosys"/>
  <toolOption toolId="toolOption.uc.toolchain" optionId="toolOption.uc.toolchain.cpu" value="cortex-m33"/>
  <toolOption toolId="toolOption.uc.toolchain" optionId="toolOption.uc.toolchain.fpu" value="fpv5-sp"/>
  <toolOption toolId="toolOption.uc.toolchain" optionId="toolOption.uc.toolchain.float_abi" value="hard"/>
  <toolOption toolId="toolOption.uc.compiler" optionId="toolOption.uc.compiler.preinclude">
    <toolListOption value="sl_gcc_preinclude.h"/>
  </toolOption>
  <toolOption toolId="toolOption.uc.assembler" optionId="toolOption.uc.assembler.preinclude">
    <toolListOption value="sl_gcc_preinclude.h"/>
  </toolOption>
  <toolOption toolId="toolOption.uc.linker" optionId="toolOption.uc.linker.linkerScript" value="$project/autogen/linkerfile.ld"/>
  <toolOption toolId="toolOption.uc.compiler" optionId="toolOption.uc.compiler.function_sections" value="true"/>
  <toolOption toolId="toolOption.uc.compiler" optionId="toolOption.uc.compiler.data_sections" value="true"/>
  <toolOption toolId="toolOption.uc.linker" optionId="toolOption.uc.linker.nano_c_libs" value="true"/>
  <toolOption toolId="toolOption.uc.compiler" optionId="toolOption.uc.compiler.omit_frame_pointer" value="true"/>
  <toolOption toolId="toolOption.uc.compiler" optionId="toolOption.uc.compiler.no_exceptions" value="true"/>
  <toolOption toolId="toolOption.uc.compiler" optionId="toolOption.uc.compiler.no_rtti" value="true"/>
  <toolOption toolId="toolOption.uc.linker" optionId="toolOption.uc.linker.generateMapFile" value="true"/>
  <toolOption toolId="toolOption.uc.compiler" optionId="toolOption.uc.compiler.c_standard" value="c99"/>
  <toolOption toolId="toolOption.uc.compiler" optionId="toolOption.uc.compiler.cxx_standard" value="c++11"/>
  <toolOption toolId="toolOption.uc.compiler" optionId="toolOption.uc.compiler.warnings.all" value="true"/>
  <toolOption toolId="toolOption.uc.compiler" optionId="toolOption.uc.compiler.warnings.extra" value="true"/>
  <toolOption toolId="toolOption.uc.compiler" optionId="toolOption.uc.compiler.warnings.pedantic" value="false"/>
  <toolOption toolId="toolOption.uc.compiler" optionId="toolOption.uc.compiler.warnings.are_errors" value="false"/>
  <toolOption toolId="toolOption.uc.compiler" optionId="toolOption.uc.compiler.optimization" value="size"/>
  <toolOption toolId="com.silabs.ide.si32.gcc.cdt.managedbuild.tool.gnu.assembler.base" optionId="com.silabs.ide.si32.gcc.cdt.managedbuild.tool.gnu.assembler.floatingpoint.type" value="floatingpoint.type.hard"/>
  <toolOption toolId="com.silabs.ide.si32.gcc.cdt.managedbuild.tool.gnu.assembler.base" optionId="com.silabs.ide.si32.gcc.cdt.managedbuild.tool.gnu.assembler.floatingpoint.enable" value="true"/>
  <toolOption toolId="com.silabs.ide.si32.gcc.cdt.managedbuild.tool.gnu.c.compiler.base" optionId="com.silabs.ide.si32.gcc.cdt.managedbuild.tool.gnu.c.compiler.floatingpoint.type" value="floatingpoint.type.hard"/>
  <toolOption toolId="com.silabs.ide.si32.gcc.cdt.managedbuild.tool.gnu.cpp.compiler.base" optionId="com.silabs.ide.si32.gcc.cdt.managedbuild.tool.gnu.cpp.compiler.floatingpoint.type" value="floatingpoint.type.hard"/>
  <toolOption toolId="com.silabs.ide.si32.gcc.cdt.managedbuild.tool.gnu.c.compiler.base" optionId="com.silabs.ide.si32.gcc.cdt.managedbuild.tool.gnu.c.compiler.floatingpoint.enable" value="true"/>
  <toolOption toolId="com.silabs.ide.si32.gcc.cdt.managedbuild.tool.gnu.cpp.compiler.base" optionId="com.silabs.ide.si32.gcc.cdt.managedbuild.tool.gnu.cpp.compiler.floatingpoint.enable" value="true"/>
  <toolOption toolId="com.silabs.ide.si32.gcc.cdt.managedbuild.tool.gnu.c.linker.base" optionId="com.silabs.ide.si32.gcc.cdt.managedbuild.tool.gnu.c.linker.floatingpoint.type" value="floatingpoint.type.hard"/>
  <toolOption toolId="com.silabs.ide.si32.gcc.cdt.managedbuild.tool.gnu.cpp.linker.base" optionId="com.silabs.ide.si32.gcc.cdt.managedbuild.tool.gnu.cpp.linker.floatingpoint.type" value="floatingpoint.type.hard"/>
  <toolOption toolId="com.silabs.ide.si32.gcc.cdt.managedbuild.tool.gnu.c.linker.base" optionId="com.silabs.ide.si32.gcc.cdt.managedbuild.tool.gnu.c.linker.floatingpoint.enable" value="true"/>
  <toolOption toolId="com.silabs.ide.si32.gcc.cdt.managedbuild.tool.gnu.cpp.linker.base" optionId="com.silabs.ide.si32.gcc.cdt.managedbuild.tool.gnu.cpp.linker.floatingpoint.enable" value="true"/>
  <toolOption toolId="com.silabs.ide.si32.gcc.cdt.managedbuild.tool.gnu.assembler.base" optionId="com.silabs.ide.si32.gcc.cdt.managedbuild.tool.gnu.assembler.preinclude">
    <toolListOption value="sl_gcc_preinclude.h"/>
  </toolOption>
  <toolOption toolId="com.silabs.ide.si32.gcc.cdt.managedbuild.tool.gnu.c.compiler.base" optionId="com.silabs.ide.si32.gcc.cdt.managedbuild.tool.gnu.c.compiler.preinclude">
    <toolListOption value="sl_gcc_preinclude.h"/>
  </toolOption>
  <toolOption toolId="com.silabs.ide.si32.gcc.cdt.managedbuild.tool.gnu.cpp.compiler.base" optionId="com.silabs.ide.si32.gcc.cdt.managedbuild.tool.gnu.cpp.compiler.preinclude">
    <toolListOption value="sl_gcc_preinclude.h"/>
  </toolOption>
  <toolOption toolId="com.silabs.ide.si32.gcc.cdt.managedbuild.tool.gnu.c.compiler.base" optionId="com.silabs.ide.si32.gcc.cdt.managedbuild.tool.gnu.c.compiler.misc.dialect" value="com.silabs.ide.si32.gcc.cdt.managedbuild.tool.gnu.c.compiler.misc.dialect.c99"/>
  <toolOption toolId="com.silabs.ide.si32.gcc.cdt.managedbuild.tool.gnu.cpp.compiler.base" optionId="com.silabs.ide.si32.gcc.cdt.managedbuild.tool.gnu.cpp.compiler.misc.dialect" value="com.silabs.ide.si32.gcc.cdt.managedbuild.tool.gnu.cpp.compiler.misc.dialect.cpp0x"/>
  <toolOption toolId="com.silabs.ide.si32.gcc.cdt.managedbuild.tool.gnu.cpp.compiler.base" optionId="com.silabs.ide.si32.gcc.cdt.managedbuild.tool.gnu.cpp.compiler.no_rtti" value="true"/>
  <toolOption toolId="com.silabs.ide.si32.gcc.cdt.managedbuild.tool.gnu.cpp.compiler.base" optionId="com.silabs.ide.si32.gcc.cdt.managedbuild.tool.gnu.cpp.compiler.no_exceptions" value="true"/>
  <toolOption toolId="com.silabs.ide.si32.gcc.cdt.managedbuild.tool.gnu.c.compiler.base" optionId="com.silabs.ide.si32.gcc.cdt.managedbuild.tool.gnu.c.compiler.optimization.level" value="gnu.c.optimization.level.size"/>
  <toolOption toolId="com.silabs.ide.si32.gcc.cdt.managedbuild.tool.gnu.cpp.compiler.base" optionId="com.silabs.ide.si32.gcc.cdt.managedbuild.tool.gnu.cpp.compiler.optimization.level" value="gnu.cpp.compiler.optimization.level.size"/>
  <toolOption toolId="com.silabs.ide.si32.gcc.cdt.managedbuild.tool.gnu.c.compiler.base" optionId="com.silabs.ide.si32.gcc.cdt.managedbuild.tool.gnu.c.compiler.optimization.datasect" value="true"/>
  <toolOption toolId="com.silabs.ide.si32.gcc.cdt.managedbuild.tool.gnu.cpp.compiler.base" optionId="com.silabs.ide.si32.gcc.cdt.managedbuild.tool.gnu.cpp.compiler.optimization.datasect" value="true"/>
  <toolOption toolId="com.silabs.ide.si32.gcc.cdt.managedbuild.tool.gnu.c.compiler.base" optionId="com.silabs.ide.si32.gcc.cdt.managedbuild.tool.gnu.c.compiler.optimization.functionsects" value="true"/>
  <toolOption toolId="com.silabs.ide.si32.gcc.cdt.managedbuild.tool.gnu.cpp.compiler.base" optionId="com.silabs.ide.si32.gcc.cdt.managedbuild.tool.gnu.cpp.compiler.optimization.functionsects" value="true"/>
  <toolOption toolId="com.silabs.ide.si32.gcc.cdt.managedbuild.tool.gnu.c.compiler.base" optionId="com.silabs.ide.si32.gcc.cdt.managedbuild.tool.gnu.c.compiler.optimization.omitframepointer" value="true"/>
  <toolOption toolId="com.silabs.ide.si32.gcc.cdt.managedbuild.tool.gnu.cpp.compiler.base" optionId="com.silabs.ide.si32.gcc.cdt.managedbuild.tool.gnu.cpp.compiler.optimization.omitframepointer" value="true"/>
  <toolOption toolId="com.silabs.ide.si32.gcc.cdt.managedbuild.tool.gnu.c.compiler.base" optionId="gnu.c.compiler.option.warnings.allwarn" value="true"/>
  <toolOption toolId="com.silabs.ide.si32.gcc.cdt.managedbuild.tool.gnu.cpp.compiler.base" optionId="gnu.cpp.compiler.option.warnings.allwarn" value="true"/>
  <toolOption toolId="com.silabs.ide.si32.gcc.cdt.managedbuild.tool.gnu.c.compiler.base" optionId="gnu.c.compiler.option.warnings.extrawarn" value="true"/>
  <toolOption toolId="com.silabs.ide.si32.gcc.cdt.managedbuild.tool.gnu.cpp.compiler.base" optionId="gnu.cpp.compiler.option.warnings.extrawarn" value="true"/>
  <toolOption toolId="com.silabs.ide.si32.gcc.cdt.managedbuild.tool.gnu.c.compiler.base" optionId="gnu.c.compiler.option.warnings.toerrors" value="false"/>
  <toolOption toolId="com.silabs.ide.si32.gcc.cdt.managedbuild.tool.gnu.cpp.compiler.base" optionId="gnu.cpp.compiler.option.warnings.toerrors" value="false"/>
  <toolOption toolId="com.silabs.ide.si32.gcc.cdt.managedbuild.tool.gnu.c.compiler.base" optionId="gnu.c.compiler.option.warnings.pedantic" value="false"/>
  <toolOption toolId="com.silabs.ide.si32.gcc.cdt.managedbuild.tool.gnu.cpp.compiler.base" optionId="gnu.cpp.compiler.option.warnings.pedantic" value="false"/>
  <toolOption toolId="com.silabs.ide.si32.gcc.cdt.managedbuild.toolchain.exe" optionId="com.silabs.ide.si32.gcc.cdt.managedbuild.tool.gnu.c.linker.script" value="${workspace_loc:/${ProjName}/autogen/linkerfile.ld}"/>
  <toolOption toolId="com.silabs.ide.si32.gcc.cdt.managedbuild.toolchain.exe" optionId="com.silabs.ide.si32.gcc.cdt.managedbuild.tool.gnu.c.linker.usescript" value="true"/>
  <toolOption toolId="com.silabs.ide.si32.gcc.cdt.managedbuild.tool.gnu.c.linker.base" optionId="com.silabs.ide.si32.gcc.cdt.managedbuild.tool.gnu.c.linker.clibs" value="com.silabs.ide.si32.gcc.cdt.managedbuild.tool.gnu.c.linker.nanospec"/>
  <toolOption toolId="com.silabs.ide.si32.gcc.cdt.managedbuild.tool.gnu.cpp.linker.base" optionId="com.silabs.ide.si32.gcc.cdt.managedbuild.tool.gnu.cpp.linker.clibs" value="com.silabs.ide.si32.gcc.cdt.managedbuild.tool.gnu.c.linker.nanospec"/>
  <toolOption toolId="com.silabs.ide.si32.gcc.cdt.managedbuild.tool.gnu.c.linker.base" optionId="com.silabs.ide.si32.gcc.cdt.managedbuild.tool.gnu.c.linker.map" value="true"/>
  <toolOption toolId="com.silabs.ide.si32.gcc.cdt.managedbuild.tool.gnu.cpp.linker.base" optionId="com.silabs.ide.si32.gcc.cdt.managedbuild.tool.gnu.cpp.linker.map" value="true"/>
  <toolOption toolId="studio.ide.project" optionId="device_opn" value="efr32bg22c224f512gm40"/>
  <toolOption toolId="makefile.arm.gcc.compiler" optionId="misc">
    <toolListOption value="-mcmse"/>
    <toolListOption value="--specs=nano.specs"/>
    <toolListOption value="-g"/>
  </toolOption>
  <toolOption toolId="com.silabs.ide.si32.gcc.cdt.managedbuild.tool.gnu.c.compiler.base" optionId="com.silabs.gnu.c.compiler.option.misc.otherlist">
    <toolListOption value="-mcmse"/>
    <toolListOption value="--specs=nano.specs"/>
    <toolListOption value="-c"/>
    <toolListOption value="-fmessage-length=0"/>
  </toolOption>
  <toolOption toolId="com.silabs.ide.si32.gcc.cdt.managedbuild.tool.gnu.cpp.compiler.base" optionId="com.silabs.gnu.cpp.compiler.option.misc.otherlist">
    <toolListOption value="-mcmse"/>
    <toolListOption value="--specs=nano.specs"/>
    <toolListOption value="-c"/>
    <toolListOption value="-fmessage-length=0"/>
  </toolOption>
  <toolOption toolId="iar.ewp.arm.compiler" optionId="IExtraOptions">
    <toolListOption value="--cmse"/>
  </toolOption>
  <toolOption toolId="iar.arm.toolchain.compiler.v5.4.1" optionId="iar.arm.toolchain.compiler.option.additionalUserOptions">
    <toolListOption value="--cmse"/>
  </toolOption>
  <toolOption toolId="makefile.arm.gcc.linker" optionId="misc">
    <toolListOption value="-Wl,--gc-sections"/>
  </toolOption>
  <toolOption toolId="makefile.host.gcc.compiler" optionId="misc">
    <toolListOption value="--specs=nano.specs"/>
  </toolOption>
  <toolOption toolId="makefile.arm.gcc.assembler" optionId="misc">
    <toolListOption value="-x assembler-with-cpp"/>
  </toolOption>
  <toolOption toolId="com.silabs.ide.si32.gcc.cdt.managedbuild.tool.gnu.c.linker.base" optionId="com.silabs.ide.si32.gcc.cdt.managedbuild.tool.gnu.c.linker.circulardependency" value="true"/>
  <toolOption toolId="com.silabs.ide.si32.gcc.cdt.managedbuild.tool.gnu.c.linker.base" optionId="com.silabs.ide.si32.gcc.cdt.managedbuild.tool.gnu.c.linker.nostdlibs" value="false"/>
  <toolOption toolId="com.silabs.ide.si32.gcc.cdt.managedbuild.tool.gnu.cpp.linker" optionId="com.silabs.ide.si32.gcc.cdt.managedbuild.tool.gnu.cpp.linker.circulardependency" value="true"/>
</project>
